<rss version="2.0">
    <channel>
        <title>Borilačke veštine - vesti</title>
        <link>https://miki2005.github.io/webprogramiranje1.mihailo.mladjenovic/index.html</link>
        <description>Važne informacije</description>
    <item>
        <title>Cenovnik</title>
        <link>https://miki2005.github.io/webprogramiranje1.mihailo.mladjenovic/cenovnik.html</link>
        <description>Cene za naš projekat</description>
    </item>
    <item>
        <title>Kontakt</title>
        <link>https://miki2005.github.io/webprogramiranje1.mihailo.mladjenovic/contact.html</link>
        <description>Možete se prijaviti za nove informacije</description>
    </item>
    </channel>
</rss>